<?xml version="1.0" encoding="utf-8"?>
<ExtensionPackage>
    <Name>SOS</Name>
    <Version>X.X.X.X</Version> 
    <Description>Debugging aid for .NET Core programs and runtimes</Description>
    <Components>
        <BinaryComponent Name="sos" Type="Engine">
            <Files>
                <File Architecture="amd64" Module="x64\sos.dll" />
                <File Architecture="x86"   Module="x86\sos.dll" />
                <File Architecture="arm32" Module="arm32\sos.dll" />
            </Files>
            <LoadTriggers>
                <TriggerSet>
                    <ModuleTrigger Name="coreclr.dll" />
                </TriggerSet>
            </LoadTriggers>
            <EngineCommands>
                <EngineCommand Name="clrstack">
                    <EngineCommandItem>
                        <Syntax>!clrstack</Syntax>
                        <Description>Provides a stack trace of managed code only</Description>
                    </EngineCommandItem>
                </EngineCommand>
                <EngineCommand Name="clrthreads">
                    <EngineCommandItem>
                        <Syntax>!clrthreads</Syntax>
                        <Description>List the managed threads running</Description>
                    </EngineCommandItem>
                </EngineCommand>
                <EngineCommand Name="soshelp">
                    <EngineCommandItem>
                        <Syntax>!soshelp</Syntax>
                        <Description>Displays all available SOS commands or details about the command</Description>
                    </EngineCommandItem>
                </EngineCommand>
            </EngineCommands>
        </BinaryComponent>
    </Components>
</ExtensionPackage>
