<Dependencies>
  <ProductDependencies>
    <Dependency Name="Microsoft.SymbolStore" Version="1.0.331001">
      <Uri>https://github.com/dotnet/symstore</Uri>
      <Sha>f3993563fcc13b10ac0e5c4384f346aa88758468</Sha>
    </Dependency>
    <Dependency Name="Microsoft.Diagnostics.Runtime" Version="2.2.331701">
      <Uri>https://github.com/microsoft/clrmd</Uri>
      <Sha>80eb39092c4d4baf57ff3ecb78ff6258b7cb1d6b</Sha>
    </Dependency>
    <Dependency Name="Microsoft.Diagnostics.Runtime.Utilities" Version="2.0.325901">
      <Uri>https://github.com/microsoft/clrmd</Uri>
      <Sha>a64d9ac11086f28fbd4b2b2337c19be7826fbfa9</Sha>
    </Dependency>
    <Dependency Name="Microsoft.SourceBuild.Intermediate.source-build-reference-packages" Version="7.0.0-alpha.1.22270.1">
      <Uri>https://github.com/dotnet/source-build-reference-packages</Uri>
      <Sha>3dbb19f76474f2f22749b2e64d34c15178381ffb</Sha>
      <SourceBuild RepoName="source-build-reference-packages" ManagedOnly="true" />
    </Dependency>
  </ProductDependencies>
  <ToolsetDependencies>
    <Dependency Name="Microsoft.DotNet.Arcade.Sdk" Version="7.0.0-beta.22313.1">
      <Uri>https://github.com/dotnet/arcade</Uri>
      <Sha>569a3f07467a9ebf55b78bbf92ab10b85e597819</Sha>
      <SourceBuild RepoName="arcade" ManagedOnly="true" />
    </Dependency>
    <Dependency Name="Microsoft.DotNet.RemoteExecutor" Version="7.0.0-beta.22313.1">
      <Uri>https://github.com/dotnet/arcade</Uri>
      <Sha>569a3f07467a9ebf55b78bbf92ab10b85e597819</Sha>
    </Dependency>
    <Dependency Name="Microsoft.Dotnet.Sdk.Internal" Version="6.0.107-servicing.22310.12">
      <Uri>https://github.com/dotnet/installer</Uri>
      <Sha>d62c7a24e4421ec3d70783fad181f50fde2e3901</Sha>
    </Dependency>
    <Dependency Name="Microsoft.AspNetCore.App.Ref.Internal" Version="6.0.7-servicing.22313.13">
      <Uri>https://github.com/dotnet/aspnetcore</Uri>
      <Sha>511eaa8ee5923bf6e33fe86ae424bc79e4723003</Sha>
    </Dependency>
    <Dependency Name="Microsoft.AspNetCore.App.Ref" Version="6.0.7">
      <Uri>https://github.com/dotnet/aspnetcore</Uri>
      <Sha>511eaa8ee5923bf6e33fe86ae424bc79e4723003</Sha>
    </Dependency>
    <Dependency Name="Microsoft.NETCore.App.Runtime.win-x64" Version="6.0.5">
      <Uri>https://github.com/dotnet/runtime</Uri>
      <Sha>a21b9a2dd4c31cf5bd37626562b7612faf21cee6</Sha>
    </Dependency>
    <Dependency Name="VS.Redist.Common.NetCore.SharedFramework.x64.6.0" Version="6.0.5-servicing.22213.11">
      <Uri>https://github.com/dotnet/runtime</Uri>
      <Sha>a21b9a2dd4c31cf5bd37626562b7612faf21cee6</Sha>
    </Dependency>
  </ToolsetDependencies>
</Dependencies>
