{
  "tools": {
    "dotnet": "7.0.100-preview.2.22153.17",
    "runtimes": {
      "dotnet/x64": [
        "$(MicrosoftNETCoreApp31Version)",
        "$(MicrosoftNETCoreApp50Version)",
        "$(VSRedistCommonNetCoreSharedFrameworkx6460Version)"
      ],
      "dotnet/x86": [
        "$(MicrosoftNETCoreApp31Version)",
        "$(MicrosoftNETCoreApp50Version)",
        "$(VSRedistCommonNetCoreSharedFrameworkx6460Version)"
      ]
    }
  },
  "msbuild-sdks": {
    "Microsoft.Build.NoTargets": "3.5.0",
    "Microsoft.DotNet.Arcade.Sdk": "7.0.0-beta.22313.1"
  }
}
